word	topic
cases	Topic 2
infections	Topic 2
data	Topic 2
license	Topic 2
patient	Topic 2
numbers	Topic 2
model	Topic 2
holder	Topic 2
time	Topic 2
rate	Topic 2
transmission	Topic 2
outbreaks	Topic 2
perpetuity	Topic 2
population	Topic 2
days	Topic 2
health	Topic 2
individuals	Topic 2
estimates	Topic 2
period	Topic 2
symptoms	Topic 2
provinces	Topic 2
parameters	Topic 2
measures	Topic 2
hospitalization	Topic 2
countries	Topic 2
cities	Topic 2
distribution	Topic 2
epidemics	Topic 2
spreading	Topic 2
death	Topic 2
pneumonia	Topic 2
contacts	Topic 2
people	Topic 2
growth	Topic 2
reproduction	Topic 2
interval	Topic 2
probability	Topic 2
intervention	Topic 2
incidence	Topic 2
incubation	Topic 2
reports	Topic 2
diagnosis	Topic 2
travel	Topic 2
scenarios	Topic 2
weeks	Topic 2
onset	Topic 2
admission	Topic 2
mortality	Topic 2
strategies	Topic 2
severity	Topic 2
exposures	Topic 2
peak	Topic 2
quarantine	Topic 2
surveillance	Topic 2
government	Topic 2
trend	Topic 2
counts	Topic 2
characteristics	Topic 2
point	Topic 2
illness	Topic 2
curve	Topic 2
proportion	Topic 2
fever	Topic 2
stage	Topic 2
ratio	Topic 2
delay	Topic 2
forecast	Topic 2
prevention	Topic 2
reduction	Topic 2
history	Topic 2
fatality	Topic 2
air	Topic 2
duration	Topic 2
compartments	Topic 2
progression	Topic 2
containment	Topic 2
sources	Topic 2
transportation	Topic 2
situation	Topic 2
person	Topic 2
location	Topic 2
movement	Topic 2
cough	Topic 2
concerns	Topic 2
migration	Topic 2
policies	Topic 2
beds	Topic 2
recovery	Topic 2
mobility	Topic 2
increase	Topic 2
pandemic	Topic 2
evidence	Topic 2
volume	Topic 2
assumption	Topic 2
importations	Topic 2
status	Topic 2
panel	Topic 2
comorbidities	Topic 2
uncertainty	Topic 2
articles	Topic 2
residents	Topic 2
series	Topic 2
traffic	Topic 2
staff	Topic 2
humidity	Topic 2
infectiousness	Topic 2
management	Topic 2
household	Topic 2
respondents	Topic 2
epidemiologic	Topic 2
tracing	Topic 2
monitoring	Topic 2
paper	Topic 2
centers	Topic 2
coefficient	Topic 2
women	Topic 2
pi	Topic 2
researches	Topic 2
dates	Topic 2
effort	Topic 2
routes	Topic 2
lockdown	Topic 2
COVID19	Topic 6
authorfunder	Topic 6
Fig	Topic 6
China	Topic 6
SARSCoV2	Topic 6
Wuhan	Topic 6
FIGURE	Topic 6
RNA	Topic 6
International	Topic 6
bioRxiv	Topic 6
January	Topic 6
Controls	Topic 6
SARSCoV	Topic 6
February	Topic 6
system	Topic 6
Hubei	Topic 6
ACE2	Topic 6
Risk	Topic 6
Read	Topic 6
CI	Topic 6
SARS	Topic 6
DNA	Topic 6
CT	Topic 6
medRxiv	Topic 6
CoV	Topic 6
March	Topic 6
MERSCoV	Topic 6
RBD	Topic 6
Italy	Topic 6
All	Topic 6
S1	Topic 6
Tables	Topic 6
Feb	Topic 6
Korea	Topic 6
Jan	Topic 6
R0	Topic 6
PCR	Topic 6
mRNA	Topic 6
SEIR	Topic 6
ZIKV	Topic 6
South	Topic 6
ICU	Topic 6
Supplementary	Topic 6
S2	Topic 6
Screening	Topic 6
NCP	Topic 6
ORF	Topic 6
US	Topic 6
mM	Topic 6
phenotyping	Topic 6
IgG	Topic 6
WHO	Topic 6
Zika	Topic 6
Unit	Topic 6
CFR	Topic 6
IgM	Topic 6
II	Topic 6
LAMP	Topic 6
WT	Topic 6
Capacity	Topic 6
RTPCR	Topic 6
December	Topic 6
Searches	Topic 6
IFN	Topic 6
SIR	Topic 6
Eq	Topic 6
CD8	Topic 6
Cancer	Topic 6
MERS	Topic 6
IBV	Topic 6
World	Topic 6
Iran	Topic 6
Market	Topic 6
Japan	Topic 6
IL6	Topic 6
doiorg10	Topic 6
File	Topic 6
CDC	Topic 6
RdRp	Topic 6
doiorg101101202003	Topic 6
Ebola	Topic 6
SI	Topic 6
Mainland	Topic 6
MHC	Topic 6
Seasonality	Topic 6
Africa	Topic 6
mNGS	Topic 6
Sprotein	Topic 6
NP	Topic 6
PDB	Topic 6
Singapore	Topic 6
ExoN	Topic 6
HIV1	Topic 6
ER	Topic 6
NTS	Topic 6
CD4	Topic 6
OR	Topic 6
mL	Topic 6
CTD	Topic 6
miRNAs	Topic 6
GenBank	Topic 6
RaTG13	Topic 6
CRP	Topic 6
RNase	Topic 6
Rt	Topic 6
Hand	Topic 6
France	Topic 6
Shanghai	Topic 6
UK	Topic 6
RTqPCR	Topic 6
RTLAMP	Topic 6
RNAseq	Topic 6
mixes	Topic 6
IAV	Topic 6
Chest	Topic 6
HCoV19	Topic 6
Authorization	Topic 6
CD	Topic 6
studies	Topic 1
virus	Topic 1
protein	Topic 1
coronavirus	Topic 1
sequences	Topic 1
group	Topic 1
analysis	Topic 1
respiratory	Topic 1
viruses	Topic 1
host	Topic 1
genome	Topic 1
al	Topic 1
method	Topic 1
regions	Topic 1
structures	Topic 1
interact	Topic 1
receptor	Topic 1
species	Topic 1
mutations	Topic 1
antibodies	Topic 1
coronaviruses	Topic 1
prediction	Topic 1
acids	Topic 1
isolate	Topic 1
bat	Topic 1
dataset	Topic 1
set	Topic 1
vaccine	Topic 1
domains	Topic 1
spike	Topic 1
binding	Topic 1
residues	Topic 1
scores	Topic 1
clusters	Topic 1
syndrome	Topic 1
development	Topic 1
swabs	Topic 1
peptides	Topic 1
feature	Topic 1
emergence	Topic 1
organisms	Topic 1
pattern	Topic 1
humans	Topic 1
epitopes	Topic 1
evolution	Topic 1
selection	Topic 1
amino	Topic 1
families	Topic 1
recombination	Topic 1
libraries	Topic 1
molecule	Topic 1
order	Topic 1
diversity	Topic 1
compounds	Topic 1
database	Topic 1
profile	Topic 1
association	Topic 1
position	Topic 1
variants	Topic 1
analyses	Topic 1
energy	Topic 1
codon	Topic 1
tree	Topic 1
genotype	Topic 1
abundance	Topic 1
substitution	Topic 1
form	Topic 1
coverage	Topic 1
chain	Topic 1
alignments	Topic 1
quality	Topic 1
tools	Topic 1
design	Topic 1
subunit	Topic 1
candidates	Topic 1
glycoprotein	Topic 1
algorithm	Topic 1
similarity	Topic 1
assembly	Topic 1
segments	Topic 1
reference	Topic 1
antigen	Topic 1
accuracy	Topic 1
result	Topic 1
affinity	Topic 1
mapping	Topic 1
training	Topic 1
lineage	Topic 1
novel	Topic 1
specimens	Topic 1
modification	Topic 1
interface	Topic 1
classification	Topic 1
traits	Topic 1
members	Topic 1
core	Topic 1
shares	Topic 1
pair	Topic 1
stability	Topic 1
conformations	Topic 1
annotation	Topic 1
adaptation	Topic 1
bonds	Topic 1
pangolins	Topic 1
identities	Topic 1
microbiome	Topic 1
homology	Topic 1
potential	Topic 1
identification	Topic 1
categories	Topic 1
usage	Topic 1
dengue	Topic 1
metagenomics	Topic 1
errors	Topic 1
pocket	Topic 1
input	Topic 1
clade	Topic 1
stool	Topic 1
diseases	Topic 5
level	Topic 5
tests	Topic 5
strain	Topic 5
pathogen	Topic 5
age	Topic 5
approach	Topic 5
changes	Topic 5
size	Topic 5
networks	Topic 5
dynamics	Topic 5
state	Topic 5
process	Topic 5
children	Topic 5
outcomes	Topic 5
difference	Topic 5
simulations	Topic 5
area	Topic 5
distances	Topic 5
influenza	Topic 5
effects	Topic 5
event	Topic 5
values	Topic 5
years	Topic 5
participants	Topic 5
care	Topic 5
range	Topic 5
immunity	Topic 5
fitness	Topic 5
conditions	Topic 5
communities	Topic 5
prevalence	Topic 5
classes	Topic 5
generation	Topic 5
variables	Topic 5
trial	Topic 5
variation	Topic 5
equations	Topic 5
correlation	Topic 5
publications	Topic 5
behavior	Topic 5
agent	Topic 5
impact	Topic 5
density	Topic 5
performance	Topic 5
load	Topic 5
review	Topic 5
school	Topic 5
closures	Topic 5
healthcare	Topic 5
susceptibility	Topic 5
questionnaire	Topic 5
adults	Topic 5
forces	Topic 5
fraction	Topic 5
cohorts	Topic 5
solutions	Topic 5
term	Topic 5
transition	Topic 5
windows	Topic 5
access	Topic 5
matrix	Topic 5
survey	Topic 5
males	Topic 5
threats	Topic 5
limit	Topic 5
reservoir	Topic 5
work	Topic 5
scaling	Topic 5
relationship	Topic 5
equilibrium	Topic 5
failure	Topic 5
metapopulation	Topic 5
sex	Topic 5
predictor	Topic 5
extinction	Topic 5
service	Topic 5
throat	Topic 5
cells	Topic 4
reuse	Topic 4
rights	Topic 4
permission	Topic 4
expression	Topic 4
activities	Topic 4
treatment	Topic 4
responses	Topic 4
drug	Topic 4
mice	Topic 4
factor	Topic 4
functions	Topic 4
types	Topic 4
protease	Topic 4
lungs	Topic 4
inhibitor	Topic 4
complexes	Topic 4
concentration	Topic 4
tissue	Topic 4
blood	Topic 4
membrane	Topic 4
entry	Topic 4
phase	Topic 4
cleavage	Topic 4
animals	Topic 4
surface	Topic 4
serum	Topic 4
injury	Topic 4
findings	Topic 4
titers	Topic 4
images	Topic 4
particles	Topic 4
pathway	Topic 4
therapy	Topic 4
cytokine	Topic 4
subject	Topic 4
protection	Topic 4
diffusion	Topic 4
fluorescent	Topic 4
kidney	Topic 4
experiments	Topic 4
fusion	Topic 4
mechanism	Topic 4
efficacy	Topic 4
stress	Topic 4
brain	Topic 4
lines	Topic 4
mouse	Topic 4
phage	Topic 4
phosphorylation	Topic 4
hours	Topic 4
minutes	Topic 4
neuron	Topic 4
damage	Topic 4
anxiety	Topic 4
formation	Topic 4
delivery	Topic 4
liver	Topic 4
water	Topic 4
nm	Topic 4
flow	Topic 4
loss	Topic 4
challenge	Topic 4
trimers	Topic 4
ion	Topic 4
virion	Topic 4
dose	Topic 4
supplementation	Topic 4
airway	Topic 4
tract	Topic 4
substrate	Topic 4
plasma	Topic 4
tumor	Topic 4
gene	Topic 3
samples	Topic 3
detection	Topic 3
sites	Topic 3
replication	Topic 3
target	Topic 3
transcripts	Topic 3
primers	Topic 3
sensitivity	Topic 3
temperature	Topic 3
reaction	Topic 3
assays	Topic 3
amplification	Topic 3
mutants	Topic 3
products	Topic 3
translation	Topic 3
step	Topic 3
copy	Topic 3
restriction	Topic 3
culture	Topic 3
lengths	Topic 3
probe	Topic 3
laboratory	Topic 3
specificity	Topic 3
min	Topic 3
signal	Topic 3
enzyme	Topic 3
vectors	Topic 3
presence	Topic 3
fragments	Topic 3
plasmids	Topic 3
worker	Topic 3
synthesis	Topic 3
plant	Topic 3
efficiencies	Topic 3
clones	Topic 3
cost	Topic 3
resistance	Topic 3
bacteria	Topic 3
technologies	Topic 3
strands	Topic 3
passage	Topic 3
motifs	Topic 3
mass	Topic 3
transcriptomics	Topic 3
platform	Topic 3
extracts	Topic 3
base	Topic 3
polyprotein	Topic 3
body	Topic 3
protocol	Topic 3
nucleotides	Topic 3
ribosomes	Topic 3
mosquito	Topic 3
polymerase	Topic 3
background	Topic 3
diarrhea	Topic 3
