text,size
cloud,	18
vmware,	9
windows,	8
storage,	8
vsphere,	7
vcenter,	7
powercli,	6
esxi,	6
vdi,	5
veeam,	5
vm,	4
backup,	4
linux,	4
lync,	4
powershell,	4
hp,	3
centos,	3
exchange,	3
fotografia,	3
vcloud,	3
esxcli,	3
visualstudio,	2
supermicro,	2
vshield,	2
esx,	2
dag,	2
db,	2
disco,	2
dns,	2
certificados,	2
comandos,	2
actualizacion,	2
ad,	2
apache,	2
bios,	2
ise,	2
monitoreo,	2
orion,	2
script,	2
raid,	2
sql,	2
ssd,	2
server,	2
sysprep,	2
tfs,	2
tools,	1
trend,	1
trucos,	1
udp,	1
usb,	1
usuarios,	1
tarea,	1
tarea-programada,	1
target,	1
service,	1
servidores,	1
single-sign-on,	1
sip,	1
snmp,	1
ssl,	1
storage-profile,	1
storcli,	1
rds,	1
recursos,	1
reflective,	1
rehabilitacion,	1
remota,	1
rendimiento,	1
replica,	1
replicacion,	1
resource,	1
restauracion,	1
scrum,	1
scrummaster,	1
scsi,	1
security,	1
seguridad,	1
selinux,	1
profile,	1
profile-driven,	1
psod,	1
pst,	1
qlogic,	1
osx,	1
owncloud,	1
packet,	1
pantalla,	1
pcoip,	1
perfiles,	1
phoenix,	1
php,	1
policies,	1
mysql,	1
network,	1
nic,	1
openssl,	1
ldap,	1
limpieza,	1
powershel,	1
html5,	1
httpd,	1
iis,	1
intel,	1
interface,	1
ip_conntrack,	1
ipmi,	1
iptables,	1
mac,	1
matricular,	1
microsoft,	1
migrar,	1
migration,	1
mod_rewrite,	1
llamadas,	1
logs,	1
lsi,	1
buzon,	1
caida,	1
carga,	1
cbt,	1
archivos,	1
audio,	1
autenticacion,	1
address,	1
administracion,	1
agil,	1
alarma,	1
almacenamiento,	1
analoga,	1
animacion,	1
concurrencia,	1
conexion,	1
configuracion,	1
controladoras,	1
creatividad,	1
css3,	1
daas,	1
cgi,	1
cisco,	1
cli,	1
certificado,	1
bd,	1
dominio,	1
drop,	1
dropping,	1
ebackups,	1
edge,	1
encripcion,	1
estilos,	1
dd,	1
digital,	1
datos,	1
cluster,	1
cna,	1
color,	1
acronis,	1
eth0,	1
excel,	1
exportar,	1
extend,	1
extender,	1
filtros,	1
firmware,	1
flap,	1
fsutil,	1
ftpsupermicrocomcdr-x9-up,	1
gestor,	1
godaddy,	1
gpg,	1
gpg4win,	1
hdd,	1
host,	1
vspher,	1
vmotion,	1
winrs,	1
workflow,	1
workspace,	1
web,	1
svmotion,	1
vcli,	1
ventana,	1
visual-studio,	1
vcops,	1
vdc,	1
vmxnet3,	1
voip,	1
volumen,	1
